{"version":1,"index":12,"parentId":"E0284E18-EB53-47C6-83B5-8713482E5655","color":{"r":0.07058823529411765,"b":0.1803921568627451,"g":0.06274509803921569,"a":1}}