{"index":2,"color":{"r":0.2235294117647059,"b":0.8666666666666667,"g":0.792156862745098,"a":1},"parentId":"E0284E18-EB53-47C6-83B5-8713482E5655","version":1}