{"version":1,"index":6,"parentId":"E0284E18-EB53-47C6-83B5-8713482E5655","color":{"r":0.4509803921568628,"b":0.9450980392156862,"g":0.8196078431372549,"a":1}}