{"version":1,"index":11,"parentId":"E0284E18-EB53-47C6-83B5-8713482E5655","color":{"r":0.5215686274509804,"b":0.5215686274509804,"g":0.5215686274509804,"a":1}}