{"version":1,"index":5,"parentId":"E0284E18-EB53-47C6-83B5-8713482E5655","color":{"r":0.3294117647058823,"b":0.8509803921568627,"g":0.4588235294117647,"a":1}}