{"version":1,"index":8,"parentId":"E0284E18-EB53-47C6-83B5-8713482E5655","color":{"r":0.9019607843137255,"b":0.9921568627450981,"g":0.9450980392156862,"a":1}}