{"version":1,"index":10,"parentId":"E0284E18-EB53-47C6-83B5-8713482E5655","color":{"r":0.2588235294117647,"b":0.8156862745098039,"g":0.5294117647058824,"a":1}}