{"version":1,"index":9,"parentId":"E0284E18-EB53-47C6-83B5-8713482E5655","color":{"r":0.8666666666666667,"b":0.9725490196078431,"g":0.9176470588235294,"a":1}}