{"version":1,"index":4,"parentId":"E0284E18-EB53-47C6-83B5-8713482E5655","color":{"r":0.3294117647058823,"b":0.8509803921568627,"g":0.5803921568627451,"a":1}}