{"index":1,"color":{"r":0.7176470588235294,"b":0.9764705882352941,"g":0.7803921568627451,"a":1},"parentId":"E0284E18-EB53-47C6-83B5-8713482E5655","version":1}