{"version":1,"index":7,"parentId":"E0284E18-EB53-47C6-83B5-8713482E5655","color":{"r":0.3058823529411765,"b":0.788235294117647,"g":0.6627450980392157,"a":1}}